[{"id":1,"full_name":"Duffy","email":"dweaver0@chicagotribune.com","phone":"(871) 3137450","status":"In progress","source":"Manually added","date_added":"2020-04-10T04:54:11Z","company":"Devbug"},
{"id":2,"full_name":"Borden","email":"bfraser1@house.gov","phone":"(300) 5847697","status":"In progress","source":"Web form","date_added":"2020-01-19T21:53:39Z","company":"Oyope"},
{"id":3,"full_name":"Adora","email":"amingard2@ted.com","phone":"(684) 9340407","status":"Open","source":"Manually added","date_added":"2021-07-19T12:35:46Z","company":"Eabox"},
{"id":4,"full_name":"Reena","email":"rgilleson3@bloglines.com","phone":"(477) 9515954","status":"Open","source":"Web form","date_added":"2020-03-18T02:04:54Z","company":"Avavee"},
{"id":5,"full_name":"Kelly","email":"kdukesbury4@hud.gov","phone":"(433) 6504303","status":"Open","source":"Bulk upload","date_added":"2020-10-14T05:41:44Z","company":"Voomm"},
{"id":6,"full_name":"Chris","email":"cgallihaulk5@miibeian.gov.cn","phone":"(505) 7766920","status":"On hold","source":"Web form","date_added":"2020-04-23T10:56:48Z","company":"Topiclounge"},
{"id":7,"full_name":"Thaddeus","email":"tbaker6@nydailynews.com","phone":"(642) 4245736","status":"Open","source":"Intercom","date_added":"2020-02-10T09:26:23Z","company":"Avamba"},
{"id":8,"full_name":"Marlane","email":"mellerbeck7@furl.net","phone":"(968) 1925258","status":"In progress","source":"Manually added","date_added":"2020-06-10T01:47:25Z","company":"Youspan"},
{"id":9,"full_name":"Bernadine","email":"bwoodruffe8@privacy.gov.au","phone":"(889) 9946947","status":"Open","source":"Intercom","date_added":"2020-06-30T00:40:19Z","company":"Quaxo"},
{"id":10,"full_name":"Emmery","email":"etremblet9@elpais.com","phone":"(900) 4136074","status":"Open","source":"Intercom","date_added":"2019-12-29T00:30:48Z","company":"DabZ"},
{"id":11,"full_name":"Lavina","email":"lplunketa@mediafire.com","phone":"(202) 7319723","status":"In progress","source":"Bulk upload","date_added":"2021-05-28T14:10:04Z","company":"Dynazzy"},
{"id":12,"full_name":"Sheridan","email":"sclaqueb@google.de","phone":"(889) 6844284","status":"Open","source":"Manually added","date_added":"2020-02-18T01:02:41Z","company":"Meejo"},
{"id":13,"full_name":"Hazel","email":"hpulsterc@simplemachines.org","phone":"(651) 1439017","status":"Open","source":"Manually added","date_added":"2021-10-23T00:13:55Z","company":"Brightbean"},
{"id":14,"full_name":"Anet","email":"agrantd@angelfire.com","phone":"(239) 8307616","status":"Open","source":"Manually added","date_added":"2021-02-03T01:06:34Z","company":"Ooba"},
{"id":15,"full_name":"Delaney","email":"ddolligone@ucoz.com","phone":"(871) 7879558","status":"On hold","source":"Manually added","date_added":"2020-03-27T14:58:50Z","company":"Linklinks"},
{"id":16,"full_name":"Archibaldo","email":"adobbsf@qq.com","phone":"(556) 1042776","status":"In progress","source":"Web form","date_added":"2020-01-15T09:51:37Z","company":"Oodoo"},
{"id":17,"full_name":"Carmelina","email":"cculhamg@cnet.com","phone":"(228) 5818205","status":"Open","source":"Web form","date_added":"2021-05-24T03:51:17Z","company":"Linkbridge"},
{"id":18,"full_name":"Giles","email":"gfrazerh@google.ru","phone":"(156) 9130293","status":"Open","source":"Web form","date_added":"2020-11-07T20:05:38Z","company":"Leexo"},
{"id":19,"full_name":"Kim","email":"kjulieni@exblog.jp","phone":"(948) 7357173","status":"Closed","source":"Bulk upload","date_added":"2021-06-25T00:12:42Z","company":"Zoovu"},
{"id":20,"full_name":"Lynne","email":"lstithej@theguardian.com","phone":"(126) 2186978","status":"Open","source":"Manually added","date_added":"2020-04-11T19:32:32Z","company":"Abata"},
{"id":21,"full_name":"Floyd","email":"flaughrenk@archive.org","phone":"(120) 5271674","status":"In progress","source":"Manually added","date_added":"2021-05-09T05:19:49Z","company":"Skimia"},
{"id":22,"full_name":"Wait","email":"wmarplesl@whitehouse.gov","phone":"(982) 2436850","status":"Open","source":"Intercom","date_added":"2020-04-25T09:32:13Z","company":"Lazz"},
{"id":23,"full_name":"Winfred","email":"wlesurfm@gravatar.com","phone":"(496) 5945261","status":"Open","source":"Web form","date_added":"2020-07-01T03:35:21Z","company":"Buzzster"},
{"id":24,"full_name":"Corby","email":"cpardeyn@bizjournals.com","phone":"(186) 3045033","status":"Closed","source":"Web form","date_added":"2021-01-28T20:38:37Z","company":"Aimbo"},
{"id":25,"full_name":"Allianora","email":"abrambleo@163.com","phone":"(501) 1090176","status":"In progress","source":"Manually added","date_added":"2021-10-05T07:12:44Z","company":"Brainverse"},
{"id":26,"full_name":"Griff","email":"gjancikp@china.com.cn","phone":"(801) 3288577","status":"On hold","source":"Web form","date_added":"2021-05-12T17:34:12Z","company":"Voonix"},
{"id":27,"full_name":"Wiatt","email":"wwolseyq@ezinearticles.com","phone":"(322) 7453947","status":"On hold","source":"Intercom","date_added":"2020-10-26T16:44:46Z","company":"Aibox"},
{"id":28,"full_name":"Carolann","email":"cthomannr@apple.com","phone":"(260) 2916849","status":"In progress","source":"Bulk upload","date_added":"2020-10-09T18:24:24Z","company":"Topicblab"},
{"id":29,"full_name":"Franchot","email":"fjoannidis@wikia.com","phone":"(854) 3324584","status":"Open","source":"Manually added","date_added":"2020-08-05T18:41:36Z","company":"Divanoodle"},
{"id":30,"full_name":"Milli","email":"malthropt@thetimes.co.uk","phone":"(790) 7473581","status":"Closed","source":"Web form","date_added":"2020-04-03T00:14:29Z","company":"Cogilith"},
{"id":31,"full_name":"Zack","email":"zoswaldu@networksolutions.com","phone":"(117) 9855612","status":"In progress","source":"Web form","date_added":"2020-01-23T08:30:16Z","company":"Kazio"},
{"id":32,"full_name":"Mureil","email":"mhamesv@w3.org","phone":"(964) 2047112","status":"In progress","source":"Web form","date_added":"2020-04-07T12:30:46Z","company":"Blognation"},
{"id":33,"full_name":"Iggy","email":"igilardonew@constantcontact.com","phone":"(480) 8792653","status":"In progress","source":"Bulk upload","date_added":"2021-03-10T15:39:53Z","company":"Thoughtbridge"},
{"id":34,"full_name":"Dionne","email":"dsheldrakex@posterous.com","phone":"(375) 1327588","status":"In progress","source":"Manually added","date_added":"2020-03-20T06:13:23Z","company":"Janyx"},
{"id":35,"full_name":"Gerladina","email":"gfrentzy@discuz.net","phone":"(800) 8959027","status":"Open","source":"Web form","date_added":"2021-04-25T02:37:56Z","company":"Bubbletube"},
{"id":36,"full_name":"Tabitha","email":"toddboyz@archive.org","phone":"(776) 1199169","status":"Closed","source":"Web form","date_added":"2020-06-01T16:06:07Z","company":"Twimbo"},
{"id":37,"full_name":"Cedric","email":"classeter10@sun.com","phone":"(710) 5509814","status":"Closed","source":"Manually added","date_added":"2020-08-13T21:42:19Z","company":"Browsetype"},
{"id":38,"full_name":"Nessa","email":"npratton11@auda.org.au","phone":"(610) 8840065","status":"In progress","source":"Intercom","date_added":"2020-11-03T03:35:33Z","company":"Fivespan"},
{"id":39,"full_name":"Hamid","email":"hklawi12@ovh.net","phone":"(555) 8637442","status":"Open","source":"Manually added","date_added":"2020-11-30T11:02:07Z","company":"Zoomlounge"},
{"id":40,"full_name":"Massimiliano","email":"mbiddulph13@psu.edu","phone":"(738) 6961093","status":"Open","source":"Web form","date_added":"2020-09-26T06:50:34Z","company":"Blogpad"},
{"id":41,"full_name":"Annalee","email":"asouthernwood14@yale.edu","phone":"(349) 9324025","status":"In progress","source":"Bulk upload","date_added":"2021-10-05T05:03:27Z","company":"Eadel"},
{"id":42,"full_name":"Francine","email":"ffley15@hhs.gov","phone":"(583) 2486620","status":"On hold","source":"Bulk upload","date_added":"2021-03-08T21:20:33Z","company":"Ntags"},
{"id":43,"full_name":"Thornie","email":"tbetteridge16@census.gov","phone":"(463) 4032304","status":"On hold","source":"Manually added","date_added":"2021-09-25T07:10:30Z","company":"Thoughtbridge"},
{"id":44,"full_name":"Shannan","email":"scorless17@flickr.com","phone":"(224) 6172989","status":"In progress","source":"Intercom","date_added":"2021-02-06T02:25:11Z","company":"Skivee"},
{"id":45,"full_name":"Loise","email":"lwardel18@rambler.ru","phone":"(539) 3621039","status":"Open","source":"Intercom","date_added":"2020-03-08T05:41:25Z","company":"Buzzbean"},
{"id":46,"full_name":"Anton","email":"afelip19@google.com.au","phone":"(550) 7910949","status":"Open","source":"Web form","date_added":"2021-01-10T14:10:42Z","company":"Meevee"},
{"id":47,"full_name":"Helsa","email":"hriveles1a@sciencedirect.com","phone":"(395) 6204996","status":"In progress","source":"Web form","date_added":"2020-05-08T17:34:36Z","company":"Vitz"},
{"id":48,"full_name":"Clio","email":"clezemere1b@upenn.edu","phone":"(660) 1381848","status":"In progress","source":"Bulk upload","date_added":"2020-12-01T23:32:09Z","company":"Quinu"},
{"id":49,"full_name":"Susannah","email":"sstaries1c@hexun.com","phone":"(582) 8020667","status":"Open","source":"Intercom","date_added":"2021-07-24T07:54:59Z","company":"LiveZ"},
{"id":50,"full_name":"Kalie","email":"kphinnessy1d@mac.com","phone":"(324) 5262214","status":"Open","source":"Manually added","date_added":"2021-11-07T11:52:37Z","company":"Podcat"},
{"id":51,"full_name":"Zsa zsa","email":"zayres1e@nsw.gov.au","phone":"(553) 8978192","status":"Open","source":"Web form","date_added":"2020-12-05T12:23:42Z","company":"Reallinks"},
{"id":52,"full_name":"Tresa","email":"tfoulser1f@harvard.edu","phone":"(920) 5910221","status":"Closed","source":"Bulk upload","date_added":"2021-09-19T23:53:28Z","company":"Feednation"},
{"id":53,"full_name":"Natale","email":"nconrath1g@sphinn.com","phone":"(561) 9172649","status":"Open","source":"Manually added","date_added":"2020-07-12T15:34:42Z","company":"Voonder"},
{"id":54,"full_name":"Ceil","email":"calsopp1h@behance.net","phone":"(140) 2460381","status":"Open","source":"Bulk upload","date_added":"2020-10-20T10:16:15Z","company":"Riffwire"},
{"id":55,"full_name":"Irwinn","email":"iceci1i@wikia.com","phone":"(545) 2514028","status":"Closed","source":"Web form","date_added":"2020-12-24T06:24:46Z","company":"Oyoyo"},
{"id":56,"full_name":"Ricki","email":"rreaditt1j@google.it","phone":"(716) 2176164","status":"On hold","source":"Web form","date_added":"2021-07-24T20:55:09Z","company":"Fivebridge"},
{"id":57,"full_name":"Roselin","email":"rrainey1k@sbwire.com","phone":"(967) 5538974","status":"Open","source":"Intercom","date_added":"2020-02-11T22:42:07Z","company":"Yozio"},
{"id":58,"full_name":"Idalina","email":"ipetroulis1l@intel.com","phone":"(105) 9180833","status":"Closed","source":"Manually added","date_added":"2020-08-05T19:09:02Z","company":"Skyvu"},
{"id":59,"full_name":"Eda","email":"egiddins1m@nymag.com","phone":"(853) 8371971","status":"Closed","source":"Intercom","date_added":"2021-02-25T02:56:08Z","company":"Yombu"},
{"id":60,"full_name":"Sally","email":"sjochanany1n@harvard.edu","phone":"(599) 3945225","status":"Open","source":"Manually added","date_added":"2020-04-14T01:33:03Z","company":"Feednation"},
{"id":61,"full_name":"Denys","email":"djuliano1o@nature.com","phone":"(453) 3099747","status":"Closed","source":"Manually added","date_added":"2020-11-05T06:47:43Z","company":"Browsedrive"},
{"id":62,"full_name":"Arielle","email":"akyston1p@phpbb.com","phone":"(141) 4640237","status":"In progress","source":"Web form","date_added":"2019-12-03T01:55:05Z","company":"Trupe"},
{"id":63,"full_name":"Keely","email":"kmacnucator1q@webs.com","phone":"(707) 8025982","status":"Closed","source":"Manually added","date_added":"2020-09-13T18:20:36Z","company":"Tagopia"},
{"id":64,"full_name":"Wendall","email":"wmaypole1r@gizmodo.com","phone":"(193) 9604851","status":"Open","source":"Bulk upload","date_added":"2021-01-27T17:51:10Z","company":"Voonte"},
{"id":65,"full_name":"Cynde","email":"cjaxon1s@google.cn","phone":"(989) 6039277","status":"Closed","source":"Web form","date_added":"2020-11-04T02:53:30Z","company":"Dynazzy"},
{"id":66,"full_name":"Trueman","email":"teverley1t@webnode.com","phone":"(832) 2855261","status":"Open","source":"Intercom","date_added":"2021-09-20T12:33:11Z","company":"Izio"},
{"id":67,"full_name":"Hester","email":"hmiller1u@discuz.net","phone":"(459) 8477277","status":"Closed","source":"Intercom","date_added":"2021-03-07T19:52:05Z","company":"Yadel"},
{"id":68,"full_name":"Addi","email":"aeisikovitsh1v@pbs.org","phone":"(704) 5855892","status":"Open","source":"Web form","date_added":"2021-07-22T17:12:10Z","company":"Eimbee"},
{"id":69,"full_name":"Rosina","email":"rmortimer1w@google.pl","phone":"(332) 6096819","status":"In progress","source":"Intercom","date_added":"2020-12-02T02:25:01Z","company":"Wordtune"},
{"id":70,"full_name":"Johnnie","email":"jpattillo1x@google.ru","phone":"(633) 5878923","status":"In progress","source":"Web form","date_added":"2020-03-21T04:58:54Z","company":"Reallinks"},
{"id":71,"full_name":"Nathanil","email":"njarnell1y@psu.edu","phone":"(700) 7070111","status":"On hold","source":"Web form","date_added":"2021-07-14T03:44:57Z","company":"Photobug"},
{"id":72,"full_name":"Jodee","email":"jmcreath1z@1688.com","phone":"(110) 2861751","status":"Open","source":"Intercom","date_added":"2021-04-08T16:49:46Z","company":"Trunyx"},
{"id":73,"full_name":"Jaquelin","email":"jmorch20@over-blog.com","phone":"(830) 4531346","status":"In progress","source":"Intercom","date_added":"2020-10-10T09:06:23Z","company":"Topicshots"},
{"id":74,"full_name":"Doralyn","email":"dcolthurst21@elpais.com","phone":"(192) 1463625","status":"On hold","source":"Web form","date_added":"2020-01-23T19:51:07Z","company":"Topicblab"},
{"id":75,"full_name":"Nicholas","email":"ndonnachie22@marketwatch.com","phone":"(656) 2513763","status":"Open","source":"Bulk upload","date_added":"2020-08-28T20:27:58Z","company":"Tagfeed"},
{"id":76,"full_name":"Sax","email":"sriep23@cisco.com","phone":"(289) 7490271","status":"Open","source":"Manually added","date_added":"2020-05-25T23:08:34Z","company":"Dynava"},
{"id":77,"full_name":"Durand","email":"dhayden24@stanford.edu","phone":"(980) 7014824","status":"On hold","source":"Web form","date_added":"2020-03-11T09:17:38Z","company":"Feedfish"},
{"id":78,"full_name":"Judas","email":"jleavey25@ted.com","phone":"(799) 3718544","status":"Open","source":"Bulk upload","date_added":"2021-10-21T18:37:47Z","company":"Photojam"},
{"id":79,"full_name":"Caralie","email":"cnoton26@scientificamerican.com","phone":"(835) 3691424","status":"Open","source":"Web form","date_added":"2020-09-10T06:20:55Z","company":"Cogidoo"},
{"id":80,"full_name":"Vanny","email":"vcianelli27@squarespace.com","phone":"(470) 7405946","status":"On hold","source":"Manually added","date_added":"2020-03-29T09:48:48Z","company":"Oozz"},
{"id":81,"full_name":"Bradford","email":"bglen28@redcross.org","phone":"(839) 7581454","status":"Open","source":"Bulk upload","date_added":"2020-12-10T18:57:24Z","company":"Eire"},
{"id":82,"full_name":"Rachael","email":"rwilcher29@list-manage.com","phone":"(180) 5092135","status":"Closed","source":"Bulk upload","date_added":"2019-12-31T15:16:09Z","company":"Edgeblab"},
{"id":83,"full_name":"Natal","email":"naveyard2a@sun.com","phone":"(813) 1821898","status":"In progress","source":"Intercom","date_added":"2020-05-20T09:32:49Z","company":"Eamia"},
{"id":84,"full_name":"Olenka","email":"ooliphard2b@spiegel.de","phone":"(833) 1742359","status":"In progress","source":"Web form","date_added":"2020-04-10T04:22:08Z","company":"Gabtune"},
{"id":85,"full_name":"Beckie","email":"bmusson2c@hp.com","phone":"(684) 4606953","status":"Open","source":"Web form","date_added":"2020-05-08T14:30:04Z","company":"Rhynoodle"},
{"id":86,"full_name":"Tannie","email":"tolyfant2d@hugedomains.com","phone":"(465) 1050355","status":"Open","source":"Web form","date_added":"2020-02-04T18:16:15Z","company":"Brightbean"},
{"id":87,"full_name":"Amalee","email":"abielfelt2e@samsung.com","phone":"(713) 9548581","status":"In progress","source":"Intercom","date_added":"2020-11-14T05:56:43Z","company":"Ainyx"},
{"id":88,"full_name":"Ingunna","email":"imartygin2f@disqus.com","phone":"(229) 3639316","status":"Closed","source":"Bulk upload","date_added":"2020-01-18T15:59:02Z","company":"Livetube"},
{"id":89,"full_name":"Nana","email":"ndowell2g@yelp.com","phone":"(922) 8888472","status":"Open","source":"Intercom","date_added":"2021-07-11T12:19:08Z","company":"Gigashots"},
{"id":90,"full_name":"Leone","email":"lalbury2h@tripod.com","phone":"(802) 5224019","status":"On hold","source":"Web form","date_added":"2020-10-27T18:24:40Z","company":"Teklist"},
{"id":91,"full_name":"Teodor","email":"tburkett2i@pbs.org","phone":"(830) 5301147","status":"On hold","source":"Intercom","date_added":"2021-09-19T04:08:05Z","company":"Quatz"},
{"id":92,"full_name":"Lyell","email":"lavraham2j@alexa.com","phone":"(566) 7039429","status":"Open","source":"Manually added","date_added":"2020-03-23T20:31:48Z","company":"Quinu"},
{"id":93,"full_name":"Alfy","email":"aromeuf2k@sina.com.cn","phone":"(163) 7527606","status":"Open","source":"Manually added","date_added":"2021-02-18T12:00:39Z","company":"Agimba"},
{"id":94,"full_name":"Hernando","email":"hpulhoster2l@blogtalkradio.com","phone":"(488) 8470650","status":"Open","source":"Bulk upload","date_added":"2020-08-26T08:59:04Z","company":"BlogXS"},
{"id":95,"full_name":"Saul","email":"sjubert2m@imdb.com","phone":"(235) 2532666","status":"Closed","source":"Bulk upload","date_added":"2020-12-27T02:03:47Z","company":"Rhybox"},
{"id":96,"full_name":"Pail","email":"psugars2n@vimeo.com","phone":"(664) 1337934","status":"Open","source":"Bulk upload","date_added":"2021-08-07T11:15:20Z","company":"Voolith"},
{"id":97,"full_name":"Giselbert","email":"gmccart2o@mtv.com","phone":"(839) 5345325","status":"Open","source":"Manually added","date_added":"2020-07-06T12:24:50Z","company":"Trudoo"},
{"id":98,"full_name":"Nicole","email":"npantling2p@abc.net.au","phone":"(216) 6802934","status":"In progress","source":"Manually added","date_added":"2020-01-06T11:14:59Z","company":"Realbuzz"},
{"id":99,"full_name":"Carroll","email":"colenchikov2q@ow.ly","phone":"(965) 8868764","status":"In progress","source":"Manually added","date_added":"2021-11-12T13:51:35Z","company":"Yombu"},
{"id":100,"full_name":"Desmund","email":"dfeldmesser2r@comsenz.com","phone":"(979) 9442755","status":"In progress","source":"Intercom","date_added":"2020-12-13T14:56:43Z","company":"Buzzster"}]